time_s,hz
0.4138,272.910
0.4238,274.836
0.4338,276.222
0.4438,278.811
0.4538,280.864
0.4638,280.790
0.4738,280.804
0.4838,280.799
0.4938,280.920
0.5038,280.901
0.5138,280.944
0.5238,280.708
0.5338,280.608
0.5438,280.703
0.5538,280.730
0.5638,280.673
0.5738,280.601
0.5838,280.606
0.5938,280.576
0.6038,280.588
0.6138,280.433
0.6238,280.559
0.6338,280.574
0.6438,280.708
0.6538,280.669
0.6638,280.740
0.6738,280.781
0.6838,280.709
0.6938,280.688
0.7038,280.751
0.7138,280.711
0.7238,280.753
0.7338,280.699
0.7438,280.707
0.7538,280.673
0.7638,280.746
0.7738,280.600
0.7838,280.900
0.7938,280.759
0.8038,280.852
0.8138,280.766
0.8238,280.914
0.8338,280.706
0.8438,280.755
0.8538,280.648
0.8638,280.584
0.8738,280.663
0.8838,280.721
0.8938,280.729
0.9038,280.721
0.9138,281.469
0.9238,285.141
0.9338,281.168
0.9438,280.549
0.9538,279.733
0.9638,275.973
0.9738,275.812
0.9838,276.221
0.9938,280.077
1.0038,280.612
1.0138,280.871
1.0238,282.234
1.0338,280.872
1.0438,269.726
1.2738,281.028
1.2838,284.855
1.2938,285.856
1.3038,288.550
1.3138,291.003
1.3238,292.430
1.3338,295.782
1.3438,296.373
1.3538,299.149
1.3638,301.640
1.3738,302.472
1.3838,306.525
1.3938,307.578
1.4038,309.109
1.4138,312.933
1.4238,313.615
1.4338,314.891
1.4438,318.741
1.4538,320.006
1.4638,320.679
1.4738,324.451
1.4838,326.476
1.4938,327.098
1.5038,330.880
1.5138,333.274
1.5238,333.364
1.5338,333.323
1.5438,333.335
1.5538,333.331
1.5638,333.360
1.5738,333.370
1.5838,333.406
1.5938,333.438
1.6038,333.508
1.6138,333.424
1.6238,333.436
1.6338,334.772
1.6438,339.030
1.6538,339.410
1.6638,335.270
1.6738,333.434
1.6838,331.887
1.6938,328.445
1.7038,331.574
1.7138,333.229
1.7238,335.340
1.7338,336.968
1.7438,333.940
1.7538,333.258
1.7638,330.941
1.7738,327.054
1.7838,326.639
1.7938,328.387
1.8038,332.579
1.8138,333.406
1.8238,333.320
1.8338,333.294
1.8438,333.131
1.8538,332.676
1.8638,332.580
1.8738,328.684
1.9738,177.876
1.9838,177.725
2.5138,249.678
2.5238,249.722
2.5338,250.092
2.5938,249.050
2.6038,249.691
2.6138,249.978
2.6238,249.841
2.6338,249.976
2.6438,250.176
2.6538,251.526
2.6638,253.123
2.6738,251.215
2.6838,249.503
2.6938,247.245
2.7038,246.264
2.7138,246.413
2.7238,248.020
2.7338,250.123
2.7438,250.983
2.7538,250.708
2.7638,249.999
2.7738,247.944
2.7838,246.275
2.7938,246.156
2.8038,246.227
2.8138,246.409
2.8238,246.444
2.8338,246.588
2.8438,248.772
2.8538,250.283
2.8638,250.336
2.8738,250.293
2.8838,249.642
2.8938,247.350
3.3138,243.047
3.3238,248.866
3.3338,249.596
3.3438,249.618
3.3538,249.854
3.3638,249.791
3.3738,250.042
3.3838,249.894
3.3938,249.973
3.4038,249.973
3.4138,249.921
3.4238,250.001
3.4338,249.940
3.4438,249.956
3.4538,249.733
3.4638,249.973
3.4738,250.042
3.4838,249.984
3.4938,250.003
3.5038,250.041
3.5138,250.003
3.5238,249.997
3.5338,249.994
3.5438,250.010
3.5538,250.007
3.5638,250.030
3.5738,250.001
3.5838,249.987
3.5938,250.004
3.6038,250.011
3.6138,249.990
3.6238,249.992
3.6338,249.944
3.6438,249.924
3.6538,249.975
3.6638,249.953
3.6738,249.955
3.6838,250.182
3.6938,252.048
3.7038,253.082
3.7138,250.916
3.7238,250.018
3.7338,249.606
3.7438,247.339
3.7538,246.190
3.7638,246.142
3.7738,246.167
3.7838,246.139
3.7938,246.118
3.8038,246.139
3.8138,246.138
3.8238,246.198
3.8338,247.577
3.8438,249.692
3.8538,249.908
3.8638,249.745
3.8738,248.535
3.8838,244.688
4.2038,379.279
4.2138,371.362
4.2238,372.112
4.2338,371.731
4.2438,371.701
4.2538,371.722
4.2638,371.447
4.2738,371.749
4.2838,372.230
4.2938,372.015
4.3038,372.076
4.3138,372.107
4.3238,371.971
4.3338,372.428
4.3438,372.409
4.3538,372.322
4.3638,372.233
4.3738,372.002
4.3838,372.106
4.3938,372.149
4.4038,372.303
4.4138,372.303
4.4238,372.288
4.4338,372.568
4.4438,372.625
4.4538,372.478
4.4638,372.300
4.4738,372.039
4.4838,372.099
4.4938,372.056
4.5038,372.179
4.5138,372.111
4.5238,372.096
4.5338,372.078
4.5438,372.387
4.5538,376.142
4.5638,380.524
4.5738,380.944
4.5838,380.783
4.5938,380.887
4.6038,380.847
4.6138,380.918
4.6238,377.436
4.6338,372.676
4.6438,372.040
4.6538,372.090
4.6638,372.101
4.6738,372.105
4.6838,372.089
4.6938,372.002
4.7038,371.990
4.7138,371.986
4.7238,371.977
4.7338,371.977
4.7438,371.832
4.8738,177.991
4.8838,177.786
5.4138,249.689
5.4238,249.699
5.4338,249.868
5.4938,248.932
5.5038,249.201
5.5138,249.939
5.5238,249.908
5.5338,249.865
5.5438,250.114
5.5538,250.633
5.5638,252.921
5.5738,252.192
5.5838,250.162
5.5938,248.186
5.6038,246.442
5.6138,246.271
5.6238,247.106
5.6338,249.442
5.6438,250.692
5.6538,251.011
5.6638,250.277
5.6738,249.063
5.6838,246.644
5.6938,246.162
5.7038,246.178
5.7138,246.334
5.7238,246.463
5.7338,246.400
5.7438,247.641
5.7538,249.959
5.7638,250.370
5.7738,250.270
5.7838,250.109
5.7938,248.452
6.2338,279.589
6.2438,280.435
6.2538,280.156
6.2638,280.724
6.2738,280.507
6.2838,280.633
6.2938,280.604
6.3038,280.584
6.3138,280.595
6.3238,280.552
6.3338,280.396
6.3438,280.702
6.3538,280.889
6.3638,281.150
6.3738,280.938
6.3838,280.443
6.3938,280.713
6.4038,280.860
6.4138,280.682
6.4238,280.563
6.4338,280.541
6.4438,280.664
6.4538,280.234
6.4638,280.301
6.4738,280.330
6.4838,280.243
6.4938,280.432
6.5038,280.509
6.5138,280.463
6.5238,280.716
6.5338,280.694
6.5438,280.642
6.5538,280.498
6.5638,280.268
6.5738,280.482
6.5838,280.710
6.5938,280.666
6.6038,280.576
6.6138,280.542
6.6238,280.717
6.6338,280.826
6.6438,280.878
6.6538,280.997
6.6638,281.092
6.6738,281.144
6.6838,281.470
6.6938,281.536
6.7038,281.671
6.7138,281.649
6.7238,281.117
6.7338,280.964
6.7438,280.579
6.7538,280.304
7.0438,279.222
7.0538,280.444
7.0638,284.138
7.0738,286.444
7.0838,289.281
7.0938,290.801
7.1038,293.140
7.1138,295.974
7.1238,297.551
7.1338,300.832
7.1438,302.354
7.1538,305.686
7.1638,307.593
7.1738,310.416
7.1838,313.320
7.1938,313.732
7.2038,316.287
7.2138,319.632
7.2238,320.369
7.2338,323.706
7.2438,326.646
7.2538,327.622
7.2638,331.803
7.2738,333.587
7.2838,333.568
7.2938,333.480
7.3038,333.356
7.3138,333.316
7.3238,333.305
7.3338,333.310
7.3438,333.155
7.3538,333.183
7.3638,333.206
7.3738,333.023
7.3838,333.120
7.3938,333.265
7.4038,333.114
7.4138,333.042
7.4238,333.270
7.4338,333.223
7.4438,333.167
7.4538,333.198
7.4638,333.287
7.4738,333.304
7.4838,333.304
7.4938,333.307
7.5038,333.268
7.5138,333.265
7.5238,333.164
7.5338,333.229
7.5438,333.285
7.5538,333.213
7.5638,333.218
7.5738,333.222
7.5838,333.328
7.5938,333.436
7.6038,333.402
7.6138,333.313
7.6238,333.213
7.6338,333.305
7.6438,333.335
7.6538,333.078
7.6638,333.269
7.6738,333.229
7.6838,333.627
7.6938,339.939
7.7038,340.430
7.7138,339.946
7.7238,333.478
7.7338,333.260
7.7438,332.993
7.7538,333.223
7.9838,326.120
7.9938,322.466
8.0038,319.919
8.0138,319.751
8.0238,316.054
8.0338,313.607
8.0438,313.519
8.0538,311.793
8.0638,308.258
8.0738,307.661
8.0838,305.215
8.0938,302.043
8.1038,301.330
8.1138,298.021
8.1238,296.248
8.1338,294.915
8.1438,291.616
8.1538,290.769
8.1638,288.742
8.1738,285.954
8.1838,284.955
8.1938,281.767
8.2038,280.641
8.2138,280.653
8.2238,280.568
8.2338,280.607
8.2438,280.641
8.2538,280.576
8.2638,280.559
8.2738,280.489
8.2838,280.544
8.2938,280.538
8.3038,280.613
8.3138,280.551
8.3238,280.529
8.3338,280.596
8.3438,280.639
8.3538,280.374
8.3638,280.388
8.3738,280.708
8.3838,280.659
8.3938,280.474
8.4038,280.505
8.4138,280.604
8.4238,280.763
8.4338,280.892
8.4438,280.652
8.4538,280.503
8.4638,280.802
8.4738,280.999
8.4838,280.784
8.4938,280.579
8.5038,280.746
8.5138,280.729
8.5238,280.854
8.5338,280.869
8.5438,280.671
8.5538,280.779
8.5638,280.693
8.5738,280.592
8.5838,280.537
8.5938,280.474
8.6038,280.482
8.6138,280.470
8.6238,280.457
8.6338,280.683
8.6438,281.028
8.6538,281.270
8.6638,283.050
8.6738,283.258
8.6838,281.113
8.6938,279.955
8.7038,276.947
8.7138,275.993
8.7238,277.982
8.7338,280.428
8.7438,281.491
8.7538,282.874
8.7638,281.245
8.7738,279.557
8.7838,276.666
8.7938,275.885
8.8038,275.886
8.8138,275.897
8.8238,275.900
8.8338,276.528
8.8438,279.311
8.8538,280.666
8.8638,280.726
8.8738,281.057
8.8838,283.414
8.8938,284.462
8.9038,281.697
9.3138,372.393
9.3238,372.066
9.3338,371.936
9.3438,371.849
9.3538,371.780
9.3638,371.731
9.3738,371.694
9.3838,371.636
9.3938,371.541
9.4038,371.581
9.4138,370.371
9.4238,371.452
9.4338,371.713
9.4438,371.865
9.4538,372.134
9.4638,372.301
9.4738,372.196
9.4838,372.261
9.4938,372.154
9.5038,371.911
9.5138,371.988
9.5238,371.846
9.5338,371.581
9.7738,380.176
9.7838,371.564
9.7938,371.794
9.8038,372.243
9.8138,372.141
9.8238,372.470
9.8338,372.218
9.8438,371.853
9.8538,371.240
9.8638,371.563
9.8738,372.350
9.8838,373.734
9.8938,372.750
9.9038,372.117
9.9138,372.240
9.9238,372.379
9.9338,372.309
9.9438,372.198
9.9538,371.995
9.9638,372.162
9.9738,371.442
9.9838,371.527
9.9938,377.170
10.0038,380.889
10.0138,380.333
10.0238,374.250
10.0338,372.113
10.0438,372.296
10.0538,371.829
10.0638,371.899
10.0738,372.104
10.0838,371.213
10.4938,251.578
10.5038,249.868
10.5138,249.357
10.5238,249.943
10.5338,250.010
10.5438,250.175
10.5538,250.123
10.5638,249.903
10.5738,249.894
10.5838,249.953
10.5938,249.964
10.6038,249.995
10.6138,250.012
10.6238,249.961
10.6338,249.874
10.6438,249.948
10.6538,249.785
10.6638,249.896
10.6738,250.007
10.6838,249.963
10.6938,249.917
10.7038,250.002
10.7138,249.974
10.7238,250.024
10.7338,249.986
10.7438,249.972
10.7538,249.987
10.7638,249.979
10.7738,249.924
10.7838,249.919
10.7938,249.962
10.8038,249.900
10.8138,249.930
10.8238,250.032
10.8338,249.985
10.8438,249.971
10.8538,250.001
10.8638,249.978
10.8738,250.024
10.8838,250.040
10.8938,250.129
10.9038,250.009
10.9138,250.251
10.9238,249.986
10.9338,250.119
10.9438,249.930
10.9538,251.586
10.9638,251.338
10.9738,249.941
10.9838,248.280
10.9938,246.339
11.0038,246.165
11.0138,245.889
11.0238,245.793
11.0338,245.711
11.0438,247.308
11.0538,246.285
11.1138,250.043
11.1238,250.063
11.1338,250.279
11.1438,250.605
11.1538,251.437
11.1638,254.386
11.1738,259.940
11.1838,264.254
11.1938,268.289
11.2038,271.838
11.2138,275.227
11.2238,278.772
11.2338,283.168
11.2438,286.666
11.2538,290.623
11.2638,294.439
11.2738,298.365
11.2838,302.705
11.2938,306.970
11.3038,310.771
11.3138,314.723
11.3238,318.957
11.3338,322.454
11.3438,326.713
11.3538,331.315
11.3638,334.748
11.3738,339.000
11.3838,342.616
11.3938,347.025
11.4038,350.232
11.4138,354.709
11.4238,357.833
11.4338,362.716
11.4438,366.435
11.4538,371.253
11.4638,371.965
11.4738,371.955
11.4838,372.003
11.4938,371.858
11.5038,372.058
11.5138,371.981
11.5238,372.248
11.9338,370.206
11.9438,371.601
11.9538,372.710
11.9638,372.579
11.9738,372.296
11.9838,372.302
11.9938,372.097
12.0038,371.914
12.0138,371.936
12.0238,372.205
12.0338,372.312
12.0438,372.190
12.0538,372.357
12.0638,372.157
12.0738,372.126
12.0838,372.063
12.0938,372.117
12.1038,372.109
12.1138,372.079
12.1238,371.899
12.1338,372.002
12.1438,372.000
12.1538,371.960
12.1638,372.040
12.1738,371.942
12.1838,372.083
12.1938,372.094
12.2038,372.192
12.2138,372.200
12.2238,372.162
12.2338,372.220
12.2438,372.191
12.2538,372.043
12.2638,371.925
12.2738,372.074
12.2838,372.000
12.2938,372.030
12.3038,372.102
12.3138,372.090
12.3238,372.084
12.3338,371.982
12.3438,372.055
12.3538,372.002
12.3638,371.924
12.3738,371.990
12.3838,371.489
12.3938,372.150
12.4038,372.002
12.4138,372.087
12.4238,372.017
12.4338,372.744
12.4438,376.921
12.6238,88.913
12.6338,88.893
12.6438,88.884
12.6538,88.937
12.8338,367.970
12.8438,371.684
12.8538,372.804
12.8638,372.469
12.8738,372.332
12.8838,372.266
12.8938,371.434
12.9038,367.079
12.9138,363.611
12.9238,363.275
12.9338,359.121
12.9438,355.918
12.9538,355.964
12.9638,353.928
12.9738,349.064
12.9838,347.699
12.9938,346.652
13.0038,342.127
13.0138,340.441
13.0238,338.993
13.0338,334.494
13.0438,333.277
13.0538,331.851
13.0638,327.752
13.0738,326.385
13.0838,324.091
13.0938,320.477
13.1038,319.185
13.1138,315.598
13.1238,313.749
13.1338,311.450
13.1438,308.254
13.1538,307.397
13.1638,304.229
13.1738,301.921
13.1838,299.748
13.1938,296.737
13.2038,295.503
13.2138,292.077
13.2238,290.369
13.2338,287.128
13.2438,285.332
13.2538,282.399
13.2638,280.741
13.2738,280.760
13.2838,280.583
13.2938,280.834
13.3038,280.837
13.3138,280.736
13.3238,280.839
13.3338,280.672
13.3438,280.925
13.3538,280.768
13.3638,280.755
13.3738,280.690
13.3838,280.675
13.3938,280.598
13.4038,280.629
13.4138,280.738
13.4238,280.700
13.4338,280.738
13.4438,280.691
13.4538,280.830
13.4638,283.820
13.4738,285.358
13.4838,281.037
13.4938,280.681
13.5038,280.419
13.5138,277.977
13.5238,275.826
13.5338,275.811
13.5438,275.964
13.5538,278.782
13.5638,280.607
13.5738,280.615
13.5838,280.846
13.5938,282.185
13.6038,280.933
13.6138,280.662
13.6338,88.890
13.6438,88.894
13.6538,88.914
13.6638,88.936
13.6738,88.849
13.6838,88.859
13.6938,88.891
13.7038,88.899
14.3538,88.878
14.3838,88.884
14.4338,88.788
14.4638,88.946
14.4738,80.160
14.4838,88.930
14.4938,89.041
14.5038,89.060
14.5238,275.671
14.5338,280.194
14.5438,280.750
14.5538,280.871
14.5638,280.497
14.5738,280.719
14.5838,280.839
14.5938,280.630
14.6038,280.707
14.6138,280.673
14.6238,280.682
14.6338,280.675
14.6438,280.684
14.6538,280.708
14.6638,280.693
14.6738,280.687
14.6838,280.701
14.6938,280.718
14.7038,280.725
14.7138,281.814
14.7238,284.600
14.7338,282.755
14.7438,280.766
14.7538,280.620
14.7638,278.453
14.7738,276.061
14.7838,276.085
14.7938,278.524
14.8038,280.588
14.8138,281.097
14.8238,282.984
14.8338,281.648
14.8438,280.722
14.8538,279.422
14.8638,276.487
14.8738,275.895
14.8838,275.857
14.8938,275.931
14.9038,275.948
14.9138,275.911
14.9238,276.585
14.9338,279.519
14.9438,280.723
14.9538,280.731
14.9638,280.753
14.9738,280.917
14.9838,280.760
14.9938,281.290
15.0038,283.902
15.1538,331.214
15.1638,332.718
15.1938,330.556
15.2038,332.714
15.2138,333.460
15.2238,333.495
15.2338,333.529
15.2438,333.568
15.2538,333.730
15.2638,334.128
15.2738,333.741
15.2838,333.581
15.2938,334.152
15.3038,333.848
15.3138,333.436
15.3238,333.327
15.3338,333.262
15.3438,333.312
15.3538,333.307
15.3638,333.399
15.3738,333.433
15.3838,333.430
15.3938,333.478
15.4038,333.339
15.4138,333.306
15.4238,333.324
15.4338,333.311
15.4438,333.405
15.4538,333.468
15.4638,332.863
15.4738,331.118
15.6438,328.773
15.6538,333.292
15.6638,333.383
15.6738,332.700
15.6838,332.271
15.6938,332.658
15.7038,333.049
15.7138,333.298
15.7238,333.496
15.7338,333.425
15.7438,333.660
15.7538,333.729
15.7638,333.652
15.7738,333.515
15.7838,332.819
15.7938,334.469
15.9438,333.281
15.9538,333.271
15.9638,333.283
15.9738,333.366
15.9838,333.876
15.9938,332.404
16.0038,327.871
16.0138,326.546
16.0238,326.672
16.0338,326.612
16.0438,325.252
16.0538,320.962
16.0638,320.144
16.0738,320.155
16.0838,319.869
16.0938,317.139
16.1038,313.971
16.1138,313.752
16.1238,313.766
16.1338,312.831
16.1438,309.050
16.1538,307.560
16.1638,307.663
16.1738,307.466
16.1838,305.295
16.1938,302.200
16.2038,301.591
16.2138,301.701
16.2238,299.573
16.2338,296.478
16.2438,296.232
16.2538,296.096
16.2638,293.153
16.2738,291.119
16.2838,291.046
16.2938,290.897
16.3038,288.904
16.3138,285.953
16.3238,285.705
16.3338,285.250
16.3438,282.340
16.3538,280.756
16.3638,280.741
16.3738,280.714
16.3838,280.718
16.3938,280.577
16.4038,280.646
16.4138,281.075
16.4238,280.896
16.4338,280.878
16.4438,281.552
16.4538,280.704
16.4638,280.733
16.4738,280.776
16.4838,280.414
16.4938,280.745
16.5038,280.696
16.5138,280.703
16.5238,280.833
16.5338,280.872
16.6838,88.896
16.6938,88.883
16.7038,88.880
16.7138,88.892
16.7238,88.907
16.7338,88.879
16.7438,88.925
16.7538,88.897
17.3238,249.832
17.3338,249.429
17.3438,249.629
17.3538,249.861
17.3638,250.145
17.3738,250.203
17.3838,249.938
17.3938,249.895
17.4038,249.947
17.4138,249.954
17.4238,249.988
17.4338,249.996
17.4438,250.003
17.4538,249.915
17.4638,249.933
17.4738,249.892
17.4838,249.746
17.4938,249.999
17.5038,249.964
17.5138,249.922
17.5238,249.996
17.5338,249.948
17.5438,250.027
17.5538,250.002
17.5638,249.980
17.5738,249.974
17.5838,249.982
17.5938,249.939
17.6038,249.910
17.6138,249.958
17.6238,249.919
17.6338,249.903
17.6438,250.020
17.6538,250.000
17.6638,249.969
17.6738,249.998
17.6838,249.982
17.6938,250.008
17.7038,250.025
17.7138,250.068
17.7238,250.095
17.7338,250.182
17.7438,250.110
17.7538,249.960
17.7638,250.083
17.7738,250.734
17.7838,252.796
17.7938,250.626
17.8038,249.034
17.8138,246.669
17.8238,246.156
17.8338,246.108
17.8438,245.801
17.8538,245.774
17.8638,246.463
17.8738,248.823
17.9438,250.013
17.9538,250.129
17.9638,250.378
17.9738,250.810
17.9838,252.351
17.9938,257.476
18.0038,261.660
18.0138,265.523
18.0238,269.660
18.0338,273.108
18.0438,277.408
18.0538,281.092
18.0638,284.889
18.0738,289.512
18.0838,293.316
18.0938,297.265
18.1038,300.937
18.1138,304.665
18.1238,309.359
18.1338,313.627
18.1438,317.867
18.1538,321.283
18.1638,325.451
18.1738,328.508
18.1838,332.895
18.1938,336.321
18.2038,340.345
18.2138,344.537
18.2238,348.841
18.2338,353.587
18.2438,356.652
18.2538,361.386
18.2638,364.235
18.2738,368.896
18.2838,371.829
18.2938,371.969
18.3038,372.051
18.3138,371.863
18.3238,371.973
18.3338,371.947
18.3438,372.206
18.7638,370.734
18.7738,372.341
18.7838,372.815
18.7938,372.335
18.8038,372.314
18.8138,372.080
18.8238,371.871
18.8338,372.017
18.8438,372.318
18.8538,372.201
18.8638,372.312
18.8738,372.265
18.8838,372.141
18.8938,372.066
18.9038,372.114
18.9138,372.109
18.9238,372.038
18.9338,371.885
18.9438,372.027
18.9538,371.935
18.9638,372.041
18.9738,371.958
18.9838,372.025
18.9938,372.109
19.0038,372.198
19.0138,372.192
19.0238,372.165
19.0338,372.226
19.0438,372.176
19.0538,371.973
19.0638,371.976
19.0738,372.043
19.0838,371.993
19.0938,372.095
19.1038,372.091
19.1138,372.071
19.1238,371.973
19.1338,372.065
19.1438,371.913
19.1538,372.097
19.1638,371.602
19.1738,371.886
19.1838,371.961
19.1938,372.099
19.2038,372.047
19.2138,373.785
19.2238,378.558
19.5838,369.491
19.5938,372.407
19.6038,372.785
19.6138,372.338
19.6238,372.301
19.6338,372.070
19.6438,371.865
19.6538,372.016
19.6638,370.587
19.6738,365.243
19.6838,363.783
19.6938,363.729
19.7038,363.551
19.7138,363.508
19.7238,363.591
19.7338,361.450
19.7438,356.610
19.7538,355.400
19.7638,355.468
19.7738,355.339
19.7838,355.464
19.7938,355.082
19.8038,352.384
19.8138,348.244
19.8238,347.785
19.8338,347.921
19.8438,347.905
19.8538,347.872
19.8638,346.142
19.8738,341.610
19.8838,340.406
19.8938,340.445
19.9038,340.452
19.9138,340.399
19.9238,338.454
19.9338,334.207
19.9438,333.329
19.9538,333.326
19.9638,333.358
19.9738,333.259
19.9838,333.440
19.9938,333.417
20.0038,333.390
20.0138,333.387
20.0238,333.456
20.0338,333.434
20.0438,333.356
20.0538,333.317
20.0638,333.305
20.0738,333.202
20.0838,333.213
20.0938,333.140
20.1038,333.281
20.1138,333.701
20.1238,339.106
20.1338,340.462
20.1438,339.931
20.1538,333.990
20.1638,333.193
20.1738,332.845
20.1838,330.129
20.1938,327.250
20.2038,330.763
20.2138,333.240
20.2238,333.301
20.2338,333.873
20.2438,339.778
20.2538,334.734
20.2638,333.314
20.5138,328.983
20.5238,326.347
20.5338,325.848
20.5438,324.509
20.5538,321.424
20.5638,319.492
20.5738,318.643
20.5838,315.150
20.5938,313.589
20.6038,313.097
20.6138,309.585
20.6238,307.795
20.6338,307.057
20.6438,303.462
20.6538,301.849
20.6638,299.854
20.6738,296.664
20.6838,296.102
20.6938,293.310
20.7038,291.030
20.7138,290.500
20.7238,287.550
20.7338,285.732
20.7438,283.963
20.7538,281.124
20.7638,280.711
20.7738,280.690
20.7838,280.695
20.7938,280.702
20.8038,280.570
20.8138,280.603
20.8238,280.707
20.8338,280.549
20.8438,280.569
20.8538,280.679
20.8638,280.648
20.8738,280.617
20.8838,280.668
20.8938,280.715
20.9038,280.699
20.9138,280.699
20.9238,280.712
20.9338,280.574
20.9438,280.674
20.9538,280.783
20.9638,280.698
20.9738,280.787
20.9838,280.759
20.9938,280.713
21.0038,280.691
21.0138,280.719
21.0238,280.733
21.0338,280.728
21.0438,280.754
21.0538,280.834
21.0638,280.825
21.0738,280.737
21.0838,280.723
21.0938,280.640
21.1038,280.653
21.1138,280.653
21.1238,280.756
21.1338,280.929
21.1438,280.165
21.1538,280.883
21.1638,280.841
21.1738,280.833
21.8838,278.893
21.8938,279.829
21.9038,280.554
21.9138,281.038
21.9238,280.577
21.9338,280.574
21.9438,280.586
21.9538,280.714
21.9638,280.637
21.9738,280.553
21.9838,280.512
21.9938,280.145
22.0038,280.502
22.0138,280.704
22.0238,280.724
22.0338,280.771
22.0438,280.823
22.0538,280.648
22.0638,280.619
22.0738,280.651
22.0838,280.691
22.0938,280.847
22.1038,280.715
22.1138,280.695
22.1238,280.631
22.1338,280.685
22.1438,280.629
22.1538,280.479
22.1638,280.523
22.1738,280.667
22.1838,280.670
22.1938,280.401
22.2038,280.803
22.2138,280.653
22.2238,280.865
22.2338,280.944
22.2438,280.277
22.2538,280.717
22.2638,280.713
22.2738,280.779
22.2838,280.544
22.2938,280.540
22.3038,280.922
22.3138,280.886
22.3238,280.669
22.3338,280.756
22.3438,280.852
22.3538,280.888
22.3638,280.723
22.3738,280.707
22.3838,280.583
22.3938,280.482
22.4038,280.417
22.4138,280.351
22.4238,280.462
22.4338,280.775
22.4438,281.123
22.4538,281.052
22.4638,281.064
22.4738,283.324
22.4838,284.225
22.4938,281.415
22.5038,280.701
22.5138,280.018
22.5238,277.139
22.5338,275.917
22.5438,275.877
22.5538,275.878
22.5638,275.887
22.5738,275.901
22.5838,276.164
22.5938,278.480
22.6038,280.557
22.6138,280.720
22.6238,280.751
22.6338,280.251
22.6438,278.499
22.6838,280.244
22.6938,280.607
22.7038,280.615
22.7138,280.860
22.7238,280.876
22.7338,280.709
22.7438,280.843
22.7538,280.898
22.7638,280.842
22.7738,281.710
22.7838,284.717
22.7938,285.655
22.8038,285.659
22.8138,285.777
22.8238,285.724
22.8338,285.575
22.8438,285.589
22.8538,285.616
22.8638,285.697
22.8738,287.604
22.8838,290.442
22.8938,290.724
22.9038,290.662
22.9138,290.772
22.9238,290.745
22.9338,290.913
22.9438,290.955
22.9538,290.906
22.9638,291.045
22.9738,293.371
22.9838,296.083
22.9938,296.344
23.0038,296.300
23.0138,296.281
23.0238,296.329
23.0338,296.250
23.0438,296.333
23.0538,296.406
23.0638,296.324
23.0738,296.361
23.0838,296.414
23.0938,296.395
23.1038,296.346
23.1138,296.288
23.1238,296.190
23.1338,296.177
23.1438,296.296
23.1538,296.641
23.1638,300.964
23.1738,301.844
23.1838,301.960
23.1938,301.764
23.2038,297.555
23.2138,296.362
23.2238,296.263
23.2338,295.257
23.2438,291.285
23.2538,296.190
23.2638,296.357
23.2738,295.958
23.2838,301.372
23.2938,300.006
23.3038,296.574
23.5538,301.362
23.5638,301.643
23.5738,303.895
23.5838,307.114
23.5938,307.629
23.6038,307.647
23.6138,310.326
23.6238,313.460
23.6338,313.639
23.6438,313.816
23.6538,317.436
23.6638,319.827
23.6738,319.933
23.6838,320.424
23.6938,323.917
23.7038,326.410
23.7138,326.548
23.7238,326.607
23.7338,328.992
23.7438,332.807
23.7538,333.350
23.7638,333.362
23.7738,333.325
23.7838,333.332
23.7938,333.351
23.8038,333.363
23.8138,333.411
23.8238,333.441
23.8338,333.506
23.8438,333.459
23.8538,333.412
23.8638,333.439
23.8738,333.520
23.8838,336.234
23.8938,339.933
23.9038,340.178
23.9138,336.831
23.9238,333.504
23.9338,333.301
23.9438,333.015
23.9538,330.093
23.9638,326.768
23.9738,326.527
23.9838,326.635
23.9938,329.182
24.0038,332.976
24.0138,333.331
24.0238,333.417
24.0338,333.351
24.0438,333.293
24.0538,333.089
24.0638,332.710
24.0738,332.082
24.1238,334.745
24.1338,331.849
24.1438,332.690
24.1538,329.371
24.1638,326.745
24.1738,326.343
24.1838,323.171
24.1938,320.120
24.2038,319.445
24.2138,315.852
24.2238,313.728
24.2338,312.069
24.2438,308.471
24.2538,307.450
24.2638,304.707
24.2738,302.064
24.2838,300.212
24.2938,296.912
24.3038,295.590
24.3138,292.311
24.3238,290.776
24.3338,288.431
24.3438,285.846
24.3538,283.672
24.3638,281.000
24.3738,280.660
24.3838,280.654
24.3938,280.675
24.4038,280.714
24.4138,280.689
24.4238,280.690
24.4338,280.752
24.4438,280.725
24.4538,280.747
24.4638,280.722
24.4738,280.738
24.4838,280.728
24.4938,280.709
24.5038,280.698
24.5138,280.713
24.5238,280.698
24.5338,280.715
24.5438,280.694
24.5538,280.658
24.5638,280.694
24.5738,280.659
24.5838,280.687
24.5938,280.698
24.6038,280.682
24.6138,280.697
24.6238,280.711
24.6338,280.711
24.6438,280.749
24.6538,280.732
24.6638,280.755
24.6738,280.832
24.6838,281.040
24.6938,280.850
24.7038,281.231
24.7138,280.910
24.7238,281.128
24.7338,280.831
24.7438,280.743
24.7538,280.703
24.7638,280.664
24.8738,272.395
24.8838,275.437
24.8938,275.814
24.9038,275.879
24.9138,275.796
24.9238,277.060
24.9338,280.084
24.9438,280.640
25.0338,278.286
25.0438,279.533
25.0538,277.359
25.0638,275.781
25.0738,276.013
25.0838,275.832
25.0938,273.095
25.1038,271.190
25.1138,271.111
25.1238,271.084
25.1338,269.020
25.1438,266.753
25.1538,266.585
25.1638,266.129
25.1738,263.478
25.1838,262.282
25.1938,262.289
25.2038,261.266
25.2138,258.791
25.2238,258.050
25.2338,257.919
25.2438,255.964
25.2538,254.019
25.2638,253.938
25.2738,253.349
25.2838,250.891
25.2938,250.165
25.3038,250.202
25.3138,250.194
25.3238,250.137
25.3338,250.073
25.3438,250.049
25.3538,249.988
25.3638,249.927
25.3738,249.908
25.3838,249.947
25.3938,249.927
25.4038,249.932
25.4138,249.901
25.4238,249.905
25.4338,249.945
25.4438,249.992
25.4538,250.006
25.4638,250.048
25.4738,250.018
25.4838,249.994
25.4938,249.956
25.5038,249.929
25.5138,249.909
25.5238,249.982
25.5338,250.045
25.5438,249.986
25.5538,250.019
25.5638,250.003
25.5738,249.954
25.5838,249.920
25.5938,249.956
25.6038,250.007
25.6138,249.900
25.6238,249.765
25.6338,249.951
25.6438,250.055
25.6538,249.974
25.6638,249.975
25.6738,249.941
25.6838,249.996
25.6938,249.921
25.7038,250.029
25.7138,250.029
25.7238,249.991
25.7338,249.980
25.7438,249.978
25.7538,250.487
25.7638,252.840
25.7738,252.564
25.7838,250.318
25.7938,248.881
25.8038,246.541
25.8138,246.213
25.8238,246.962
25.8338,249.312
25.8438,250.556
25.8538,250.902
25.8638,250.093
25.8738,248.816
25.8838,246.546
25.8938,246.177
25.9038,246.168
25.9138,246.159
25.9238,246.142
25.9338,246.206
25.9438,247.555
25.9538,249.825
25.9638,249.577
25.9738,247.210
25.9838,245.015
25.9938,239.492
