name;frameTime;F0final_sma
'unknown';0.025000;0
'unknown';0.025000;0
'unknown';0.025000;0
'unknown';0.030000;0
'unknown';0.040000;0
'unknown';0.050000;0
'unknown';0.060000;0
'unknown';0.070000;0
'unknown';0.080000;0
'unknown';0.090000;0
'unknown';0.100000;0
'unknown';0.110000;0
'unknown';0.120000;0
'unknown';0.130000;0
'unknown';0.140000;0
'unknown';0.150000;0
'unknown';0.160000;0
'unknown';0.170000;0
'unknown';0.180000;0
'unknown';0.190000;0
'unknown';0.200000;0
'unknown';0.210000;0
'unknown';0.220000;0
'unknown';0.230000;0
'unknown';0.240000;0
'unknown';0.250000;0
'unknown';0.260000;0
'unknown';0.270000;0
'unknown';0.280000;0
'unknown';0.290000;0
'unknown';0.300000;0
'unknown';0.310000;0
'unknown';0.320000;0
'unknown';0.330000;0
'unknown';0.340000;0
'unknown';0.350000;0
'unknown';0.360000;0
'unknown';0.370000;0
'unknown';0.380000;0
'unknown';0.390000;0
'unknown';0.400000;0
'unknown';0.410000;0
'unknown';0.420000;0
'unknown';0.430000;0
'unknown';0.440000;0
'unknown';0.450000;0
'unknown';0.460000;1.650961e+02
'unknown';0.470000;1.651115e+02
'unknown';0.480000;1.651158e+02
'unknown';0.490000;1.651264e+02
'unknown';0.500000;1.651276e+02
'unknown';0.510000;1.651509e+02
'unknown';0.520000;1.653018e+02
'unknown';0.530000;1.654829e+02
'unknown';0.540000;1.654012e+02
'unknown';0.550000;1.651669e+02
'unknown';0.560000;1.649880e+02
'unknown';0.570000;1.650657e+02
'unknown';0.580000;1.651655e+02
'unknown';0.590000;1.651785e+02
'unknown';0.600000;1.651873e+02
'unknown';0.610000;1.651817e+02
'unknown';0.620000;1.651688e+02
'unknown';0.630000;1.651538e+02
'unknown';0.640000;1.651499e+02
'unknown';0.650000;1.651535e+02
'unknown';0.660000;1.651629e+02
'unknown';0.670000;1.651707e+02
'unknown';0.680000;1.651818e+02
'unknown';0.690000;1.651845e+02
'unknown';0.700000;1.651899e+02
'unknown';0.710000;1.651841e+02
'unknown';0.720000;1.651904e+02
'unknown';0.730000;1.652026e+02
'unknown';0.740000;1.652294e+02
'unknown';0.750000;1.652509e+02
'unknown';0.760000;1.652689e+02
'unknown';0.770000;1.652699e+02
'unknown';0.780000;1.652558e+02
'unknown';0.790000;1.652210e+02
'unknown';0.800000;1.652062e+02
'unknown';0.810000;1.652157e+02
'unknown';0.820000;1.652476e+02
'unknown';0.830000;1.652723e+02
'unknown';0.840000;1.652858e+02
'unknown';0.850000;1.652964e+02
'unknown';0.860000;1.653094e+02
'unknown';0.870000;1.653152e+02
'unknown';0.880000;1.653177e+02
'unknown';0.890000;1.653190e+02
'unknown';0.900000;1.653204e+02
'unknown';0.910000;1.653134e+02
'unknown';0.920000;1.652919e+02
'unknown';0.930000;1.652818e+02
'unknown';0.940000;1.653006e+02
'unknown';0.950000;1.653513e+02
'unknown';0.960000;1.654360e+02
'unknown';0.970000;1.655943e+02
'unknown';0.980000;1.656747e+02
'unknown';0.990000;1.654931e+02
'unknown';1.000000;1.653248e+02
'unknown';1.010000;1.653357e+02
'unknown';1.020000;1.655630e+02
'unknown';1.030000;1.655337e+02
'unknown';1.040000;1.654085e+02
'unknown';1.050000;1.652568e+02
'unknown';1.060000;1.652091e+02
'unknown';1.070000;1.650806e+02
'unknown';1.080000;1.650196e+02
'unknown';1.090000;1.651485e+02
'unknown';1.100000;1.653666e+02
'unknown';1.110000;1.654952e+02
'unknown';1.120000;1.653799e+02
'unknown';1.130000;1.654933e+02
'unknown';1.140000;1.666539e+02
'unknown';1.150000;1.674186e+02
'unknown';1.160000;0
'unknown';1.170000;0
'unknown';1.180000;0
'unknown';1.190000;0
'unknown';1.200000;0
'unknown';1.210000;0
'unknown';1.220000;0
'unknown';1.230000;0
'unknown';1.240000;0
'unknown';1.250000;0
'unknown';1.260000;0
'unknown';1.270000;0
'unknown';1.280000;0
'unknown';1.290000;0
'unknown';1.300000;0
'unknown';1.310000;0
'unknown';1.320000;0
'unknown';1.330000;0
'unknown';1.340000;0
'unknown';1.350000;0
'unknown';1.360000;0
'unknown';1.370000;0
'unknown';1.380000;0
'unknown';1.390000;0
'unknown';1.400000;0
'unknown';1.410000;0
'unknown';1.420000;0
'unknown';1.430000;1.665377e+02
'unknown';1.440000;1.662376e+02
'unknown';1.450000;1.657461e+02
'unknown';1.460000;1.654500e+02
'unknown';1.470000;1.653277e+02
'unknown';1.480000;1.653161e+02
'unknown';1.490000;1.654111e+02
'unknown';1.500000;1.659464e+02
'unknown';1.510000;1.682214e+02
'unknown';1.520000;1.711599e+02
'unknown';1.530000;1.736973e+02
'unknown';1.540000;1.746513e+02
'unknown';1.550000;1.751593e+02
'unknown';1.560000;1.756929e+02
'unknown';1.570000;1.758482e+02
'unknown';1.580000;1.754951e+02
'unknown';1.590000;1.750771e+02
'unknown';1.600000;1.749021e+02
'unknown';1.610000;1.753710e+02
'unknown';1.620000;1.782217e+02
'unknown';1.630000;1.850857e+02
'unknown';1.640000;1.917352e+02
'unknown';1.650000;1.960500e+02
'unknown';1.660000;1.964516e+02
'unknown';1.670000;1.966258e+02
'unknown';1.680000;1.964892e+02
'unknown';1.690000;1.961566e+02
'unknown';1.700000;1.960527e+02
'unknown';1.710000;1.963162e+02
'unknown';1.720000;1.964824e+02
'unknown';1.730000;1.963614e+02
'unknown';1.740000;1.961757e+02
'unknown';1.750000;1.962853e+02
'unknown';1.760000;1.964689e+02
'unknown';1.770000;1.970833e+02
'unknown';1.780000;2.031204e+02
'unknown';1.790000;2.107475e+02
'unknown';1.800000;2.181849e+02
'unknown';1.810000;2.200222e+02
'unknown';1.820000;2.202912e+02
'unknown';1.830000;2.203203e+02
'unknown';1.840000;2.204638e+02
'unknown';1.850000;2.203928e+02
'unknown';1.860000;2.202230e+02
'unknown';1.870000;2.200842e+02
'unknown';1.880000;2.202443e+02
'unknown';1.890000;2.204267e+02
'unknown';1.900000;2.204259e+02
'unknown';1.910000;2.202606e+02
'unknown';1.920000;2.202048e+02
'unknown';1.930000;2.202402e+02
'unknown';1.940000;2.202243e+02
'unknown';1.950000;2.201689e+02
'unknown';1.960000;2.200854e+02
'unknown';1.970000;2.201923e+02
'unknown';1.980000;2.202760e+02
'unknown';1.990000;2.203042e+02
'unknown';2.000000;2.202445e+02
'unknown';2.010000;2.201909e+02
'unknown';2.020000;2.202491e+02
'unknown';2.030000;2.202639e+02
'unknown';2.040000;2.202432e+02
'unknown';2.050000;2.201946e+02
'unknown';2.060000;2.201805e+02
'unknown';2.070000;2.202561e+02
'unknown';2.080000;2.203238e+02
'unknown';2.090000;2.204476e+02
'unknown';2.100000;2.205056e+02
'unknown';2.110000;2.203219e+02
'unknown';2.120000;2.201236e+02
'unknown';2.130000;2.202393e+02
'unknown';2.140000;2.205297e+02
'unknown';2.150000;2.205677e+02
'unknown';2.160000;2.203172e+02
'unknown';2.170000;2.200696e+02
'unknown';2.180000;2.201051e+02
'unknown';2.190000;2.201341e+02
'unknown';2.200000;2.200594e+02
'unknown';2.210000;2.198945e+02
'unknown';2.220000;2.198845e+02
'unknown';2.230000;2.200521e+02
'unknown';2.240000;2.201630e+02
'unknown';2.250000;2.202275e+02
'unknown';2.260000;2.203732e+02
'unknown';2.270000;2.204867e+02
'unknown';2.280000;2.202493e+02
'unknown';2.290000;2.198135e+02
'unknown';2.300000;2.194879e+02
'unknown';2.310000;2.193987e+02
'unknown';2.320000;2.194016e+02
'unknown';2.330000;2.193730e+02
'unknown';2.340000;2.193614e+02
'unknown';2.350000;2.195134e+02
'unknown';2.360000;2.198945e+02
'unknown';2.370000;2.201726e+02
'unknown';2.380000;2.201031e+02
'unknown';2.390000;2.198175e+02
'unknown';2.400000;2.200316e+02
'unknown';2.410000;2.206964e+02
'unknown';2.420000;2.214287e+02
'unknown';2.430000;2.212967e+02
'unknown';2.440000;2.211268e+02
'unknown';2.450000;0
'unknown';2.460000;0
'unknown';2.470000;0
'unknown';2.480000;0
'unknown';2.490000;0
'unknown';2.500000;0
'unknown';2.510000;0
'unknown';2.520000;0
'unknown';2.530000;2.195402e+02
'unknown';2.540000;2.197245e+02
'unknown';2.550000;2.200335e+02
'unknown';2.560000;2.199862e+02
'unknown';2.570000;2.200277e+02
'unknown';2.580000;2.200551e+02
'unknown';2.590000;2.190441e+02
'unknown';2.600000;2.139833e+02
'unknown';2.610000;2.065101e+02
'unknown';2.620000;1.996102e+02
'unknown';2.630000;1.967089e+02
'unknown';2.640000;1.961945e+02
'unknown';2.650000;1.960572e+02
'unknown';2.660000;1.959087e+02
'unknown';2.670000;1.961562e+02
'unknown';2.680000;1.963400e+02
'unknown';2.690000;1.963035e+02
'unknown';2.700000;1.961247e+02
'unknown';2.710000;1.960900e+02
'unknown';2.720000;1.962325e+02
'unknown';2.730000;1.962197e+02
'unknown';2.740000;1.961063e+02
'unknown';2.750000;1.952585e+02
'unknown';2.760000;1.907424e+02
'unknown';2.770000;1.841138e+02
'unknown';2.780000;1.779289e+02
'unknown';2.790000;1.753152e+02
'unknown';2.800000;1.749301e+02
'unknown';2.810000;1.747695e+02
'unknown';2.820000;1.746769e+02
'unknown';2.830000;1.748280e+02
'unknown';2.840000;1.752742e+02
'unknown';2.850000;1.757681e+02
'unknown';2.860000;1.760125e+02
'unknown';2.870000;1.760449e+02
'unknown';2.880000;1.760570e+02
'unknown';2.890000;1.760674e+02
'unknown';2.900000;1.760740e+02
'unknown';2.910000;1.760782e+02
'unknown';2.920000;1.760876e+02
'unknown';2.930000;1.760972e+02
'unknown';2.940000;1.760771e+02
'unknown';2.950000;1.759152e+02
'unknown';2.960000;1.756927e+02
'unknown';2.970000;1.753653e+02
'unknown';2.980000;1.751210e+02
'unknown';2.990000;1.749271e+02
'unknown';3.000000;1.749292e+02
'unknown';3.010000;1.749346e+02
'unknown';3.020000;1.750281e+02
'unknown';3.030000;1.752579e+02
'unknown';3.040000;1.753092e+02
'unknown';3.050000;1.750634e+02
'unknown';3.060000;1.746776e+02
'unknown';3.070000;1.746612e+02
'unknown';3.080000;1.749023e+02
'unknown';3.090000;1.750409e+02
'unknown';3.100000;1.749807e+02
'unknown';3.110000;1.749825e+02
'unknown';3.120000;1.751582e+02
'unknown';3.130000;1.753599e+02
'unknown';3.140000;1.752823e+02
'unknown';3.150000;1.748919e+02
'unknown';3.160000;1.744886e+02
'unknown';3.170000;1.742665e+02
'unknown';3.180000;1.742219e+02
'unknown';3.190000;1.742267e+02
'unknown';3.200000;1.742248e+02
'unknown';3.210000;1.742474e+02
'unknown';3.220000;1.744724e+02
'unknown';3.230000;1.749913e+02
'unknown';3.240000;1.755769e+02
'unknown';3.250000;1.759449e+02
'unknown';3.260000;1.760009e+02
'unknown';3.270000;1.758551e+02
'unknown';3.280000;1.755680e+02
'unknown';3.290000;1.753765e+02
'unknown';3.300000;0
'unknown';3.310000;0
'unknown';3.320000;0
'unknown';3.330000;0
'unknown';3.340000;0
'unknown';3.350000;0
'unknown';3.360000;0
'unknown';3.370000;0
'unknown';3.380000;0
'unknown';3.390000;0
'unknown';3.400000;0
'unknown';3.410000;0
'unknown';3.420000;0
'unknown';3.430000;0
'unknown';3.440000;0
'unknown';3.450000;0
'unknown';3.460000;0
'unknown';3.470000;0
'unknown';3.480000;0
'unknown';3.490000;0
'unknown';3.500000;0
'unknown';3.510000;0
'unknown';3.520000;0
'unknown';3.530000;0
'unknown';3.540000;0
'unknown';3.550000;0
'unknown';3.560000;0
'unknown';3.570000;0
'unknown';3.580000;0
'unknown';3.590000;0
'unknown';3.600000;0
'unknown';3.610000;0
'unknown';3.620000;0
'unknown';3.630000;0
'unknown';3.640000;0
'unknown';3.650000;0
'unknown';3.660000;0
'unknown';3.670000;0
'unknown';3.680000;0
'unknown';3.690000;0
'unknown';3.700000;0
'unknown';3.710000;0
'unknown';3.720000;0
'unknown';3.730000;0
'unknown';3.740000;0
'unknown';3.750000;0
'unknown';3.760000;0
'unknown';3.770000;0
'unknown';3.780000;0
'unknown';3.790000;2.938203e+02
'unknown';3.800000;2.940227e+02
'unknown';3.810000;2.946482e+02
'unknown';3.820000;2.949940e+02
'unknown';3.830000;2.953269e+02
'unknown';3.840000;2.953537e+02
'unknown';3.850000;2.952740e+02
'unknown';3.860000;2.951770e+02
'unknown';3.870000;2.949899e+02
'unknown';3.880000;2.946899e+02
'unknown';3.890000;2.943936e+02
'unknown';3.900000;2.942329e+02
'unknown';3.910000;2.942019e+02
'unknown';3.920000;2.941774e+02
'unknown';3.930000;2.941682e+02
'unknown';3.940000;2.941794e+02
'unknown';3.950000;2.941784e+02
'unknown';3.960000;2.942122e+02
'unknown';3.970000;2.943551e+02
'unknown';3.980000;2.944533e+02
'unknown';3.990000;2.944115e+02
'unknown';4.000000;2.942392e+02
'unknown';4.010000;2.941148e+02
'unknown';4.020000;2.940895e+02
'unknown';4.030000;2.940759e+02
'unknown';4.040000;2.940615e+02
'unknown';4.050000;2.940676e+02
'unknown';4.060000;2.940953e+02
'unknown';4.070000;2.942129e+02
'unknown';4.080000;2.944034e+02
'unknown';4.090000;2.944881e+02
'unknown';4.100000;2.944258e+02
'unknown';4.110000;2.942843e+02
'unknown';4.120000;2.942208e+02
'unknown';4.130000;2.942212e+02
'unknown';4.140000;2.942490e+02
'unknown';4.150000;2.942396e+02
'unknown';4.160000;2.939939e+02
'unknown';4.170000;2.940142e+02
'unknown';4.180000;2.945591e+02
'unknown';4.190000;2.952442e+02
'unknown';4.200000;2.953154e+02
'unknown';4.210000;2.949691e+02
'unknown';4.220000;2.946952e+02
'unknown';4.230000;2.947596e+02
'unknown';4.240000;2.947517e+02
'unknown';4.250000;2.946439e+02
'unknown';4.260000;2.944916e+02
'unknown';4.270000;2.943438e+02
'unknown';4.280000;2.941343e+02
'unknown';4.290000;2.939392e+02
'unknown';4.300000;2.941730e+02
'unknown';4.310000;2.946573e+02
'unknown';4.320000;2.948620e+02
'unknown';4.330000;2.944941e+02
'unknown';4.340000;2.941405e+02
'unknown';4.350000;2.942365e+02
'unknown';4.360000;2.943580e+02
'unknown';4.370000;2.942929e+02
'unknown';4.380000;2.941057e+02
'unknown';4.390000;2.941249e+02
'unknown';4.400000;2.943808e+02
'unknown';4.410000;2.946833e+02
'unknown';4.420000;2.944789e+02
'unknown';4.430000;2.936475e+02
'unknown';4.440000;2.929538e+02
'unknown';4.450000;2.929245e+02
'unknown';4.460000;2.934672e+02
'unknown';4.470000;2.939005e+02
'unknown';4.480000;2.941568e+02
'unknown';4.490000;2.942229e+02
'unknown';4.500000;2.941728e+02
'unknown';4.510000;2.940626e+02
'unknown';4.520000;0
'unknown';4.530000;2.959202e+02
'unknown';4.540000;2.944437e+02
'unknown';4.550000;2.914674e+02
'unknown';4.560000;2.901448e+02
'unknown';4.570000;0
'unknown';4.580000;0
'unknown';4.590000;0
'unknown';4.600000;0
'unknown';4.610000;0
'unknown';4.620000;0
'unknown';4.630000;0
'unknown';4.640000;0
'unknown';4.650000;0
'unknown';4.660000;0
'unknown';4.670000;0
'unknown';4.680000;0
'unknown';4.690000;0
'unknown';4.700000;0
'unknown';4.710000;0
'unknown';4.720000;0
'unknown';4.730000;0
'unknown';4.740000;0
'unknown';4.750000;0
'unknown';4.760000;0
'unknown';4.770000;0
'unknown';4.780000;0
'unknown';4.790000;0
'unknown';4.800000;0
'unknown';4.810000;0
'unknown';4.820000;0
'unknown';4.830000;0
'unknown';4.840000;0
'unknown';4.850000;0
'unknown';4.860000;0
'unknown';4.870000;0
'unknown';4.880000;0
'unknown';4.890000;0
'unknown';4.900000;0
'unknown';4.910000;0
'unknown';4.920000;0
'unknown';4.930000;0
'unknown';4.940000;0
'unknown';4.950000;0
'unknown';4.960000;0
'unknown';4.970000;0
'unknown';4.980000;0
'unknown';4.990000;0
'unknown';5.000000;0
'unknown';5.010000;1.637769e+02
'unknown';5.020000;1.642162e+02
'unknown';5.030000;1.650009e+02
'unknown';5.040000;1.651031e+02
'unknown';5.050000;1.651143e+02
'unknown';5.060000;1.651354e+02
'unknown';5.070000;1.651494e+02
'unknown';5.080000;1.652166e+02
'unknown';5.090000;1.652858e+02
'unknown';5.100000;1.653205e+02
'unknown';5.110000;1.652852e+02
'unknown';5.120000;1.652304e+02
'unknown';5.130000;1.651965e+02
'unknown';5.140000;1.651814e+02
'unknown';5.150000;1.651787e+02
'unknown';5.160000;1.651871e+02
'unknown';5.170000;1.651811e+02
'unknown';5.180000;1.651685e+02
'unknown';5.190000;1.651536e+02
'unknown';5.200000;1.651497e+02
'unknown';5.210000;1.651494e+02
'unknown';5.220000;1.651566e+02
'unknown';5.230000;1.651663e+02
'unknown';5.240000;1.651826e+02
'unknown';5.250000;1.651874e+02
'unknown';5.260000;1.651924e+02
'unknown';5.270000;1.651810e+02
'unknown';5.280000;1.651820e+02
'unknown';5.290000;1.651924e+02
'unknown';5.300000;1.652209e+02
'unknown';5.310000;1.652565e+02
'unknown';5.320000;1.652793e+02
'unknown';5.330000;1.652774e+02
'unknown';5.340000;1.652591e+02
'unknown';5.350000;1.652302e+02
'unknown';5.360000;1.652128e+02
'unknown';5.370000;1.652120e+02
'unknown';5.380000;1.652328e+02
'unknown';5.390000;1.652679e+02
'unknown';5.400000;1.652900e+02
'unknown';5.410000;1.652994e+02
'unknown';5.420000;1.653094e+02
'unknown';5.430000;1.653196e+02
'unknown';5.440000;1.653244e+02
'unknown';5.450000;1.653292e+02
'unknown';5.460000;1.653294e+02
'unknown';5.470000;1.653242e+02
'unknown';5.480000;1.653050e+02
'unknown';5.490000;1.652847e+02
'unknown';5.500000;1.652886e+02
'unknown';5.510000;1.653186e+02
'unknown';5.520000;1.653766e+02
'unknown';5.530000;1.654367e+02
'unknown';5.540000;1.654706e+02
'unknown';5.550000;1.654875e+02
'unknown';5.560000;1.654999e+02
'unknown';5.570000;1.655392e+02
'unknown';5.580000;1.656291e+02
'unknown';5.590000;1.656000e+02
'unknown';5.600000;1.654768e+02
'unknown';5.610000;1.653254e+02
'unknown';5.620000;1.652350e+02
'unknown';5.630000;1.651710e+02
'unknown';5.640000;1.650292e+02
'unknown';5.650000;1.650247e+02
'unknown';5.660000;1.651889e+02
'unknown';5.670000;1.653713e+02
'unknown';5.680000;1.654823e+02
'unknown';5.690000;1.656049e+02
'unknown';5.700000;1.664581e+02
'unknown';5.710000;1.669444e+02
'unknown';5.720000;0
'unknown';5.730000;0
'unknown';5.740000;0
'unknown';5.750000;0
'unknown';5.760000;0
'unknown';5.770000;0
'unknown';5.780000;0
'unknown';5.790000;0
'unknown';5.800000;0
'unknown';5.810000;0
'unknown';5.820000;0
'unknown';5.830000;0
'unknown';5.840000;0
'unknown';5.850000;0
'unknown';5.860000;0
'unknown';5.870000;0
'unknown';5.880000;0
'unknown';5.890000;0
'unknown';5.900000;0
'unknown';5.910000;0
'unknown';5.920000;0
'unknown';5.930000;0
'unknown';5.940000;0
'unknown';5.950000;0
'unknown';5.960000;0
'unknown';5.970000;0
'unknown';5.980000;0
'unknown';5.990000;0
'unknown';6.000000;1.658416e+02
'unknown';6.010000;1.656934e+02
'unknown';6.020000;1.654493e+02
'unknown';6.030000;1.653669e+02
'unknown';6.040000;1.653279e+02
'unknown';6.050000;1.653331e+02
'unknown';6.060000;1.653781e+02
'unknown';6.070000;1.654879e+02
'unknown';6.080000;1.659495e+02
'unknown';6.090000;1.681022e+02
'unknown';6.100000;1.710503e+02
'unknown';6.110000;1.738652e+02
'unknown';6.120000;1.749454e+02
'unknown';6.130000;1.749979e+02
'unknown';6.140000;1.748061e+02
'unknown';6.150000;1.747868e+02
'unknown';6.160000;1.750095e+02
'unknown';6.170000;1.753496e+02
'unknown';6.180000;1.756600e+02
'unknown';6.190000;1.757928e+02
'unknown';6.200000;1.756174e+02
'unknown';6.210000;1.752209e+02
'unknown';6.220000;1.750352e+02
'unknown';6.230000;1.750100e+02
'unknown';6.240000;1.749999e+02
'unknown';6.250000;1.749196e+02
'unknown';6.260000;1.748489e+02
'unknown';6.270000;1.749140e+02
'unknown';6.280000;1.754564e+02
'unknown';6.290000;1.814441e+02
'unknown';6.300000;1.883663e+02
'unknown';6.310000;1.950112e+02
'unknown';6.320000;1.962532e+02
'unknown';6.330000;1.964595e+02
'unknown';6.340000;1.964471e+02
'unknown';6.350000;1.963879e+02
'unknown';6.360000;1.964021e+02
'unknown';6.370000;1.966226e+02
'unknown';6.380000;1.967559e+02
'unknown';6.390000;1.966653e+02
'unknown';6.400000;1.962230e+02
'unknown';6.410000;1.957971e+02
'unknown';6.420000;1.956994e+02
'unknown';6.430000;1.958724e+02
'unknown';6.440000;1.962358e+02
'unknown';6.450000;1.967028e+02
'unknown';6.460000;1.971557e+02
'unknown';6.470000;1.975032e+02
'unknown';6.480000;1.976151e+02
'unknown';6.490000;1.976038e+02
'unknown';6.500000;1.975942e+02
'unknown';6.510000;1.976241e+02
'unknown';6.520000;1.976117e+02
'unknown';6.530000;1.976213e+02
'unknown';6.540000;1.976137e+02
'unknown';6.550000;1.976502e+02
'unknown';6.560000;1.976718e+02
'unknown';6.570000;1.976463e+02
'unknown';6.580000;1.974245e+02
'unknown';6.590000;1.969120e+02
'unknown';6.600000;1.963911e+02
'unknown';6.610000;1.960891e+02
'unknown';6.620000;1.960709e+02
'unknown';6.630000;1.961722e+02
'unknown';6.640000;1.963105e+02
'unknown';6.650000;1.964493e+02
'unknown';6.660000;1.964249e+02
'unknown';6.670000;1.962838e+02
'unknown';6.680000;1.960565e+02
'unknown';6.690000;1.959378e+02
'unknown';6.700000;1.959890e+02
'unknown';6.710000;1.960645e+02
'unknown';6.720000;1.960991e+02
'unknown';6.730000;1.960662e+02
'unknown';6.740000;1.961448e+02
'unknown';6.750000;1.961261e+02
'unknown';6.760000;1.960316e+02
'unknown';6.770000;1.959427e+02
'unknown';6.780000;1.960932e+02
'unknown';6.790000;1.963105e+02
'unknown';6.800000;1.963469e+02
'unknown';6.810000;1.962920e+02
'unknown';6.820000;1.963576e+02
'unknown';6.830000;1.965281e+02
'unknown';6.840000;1.964659e+02
'unknown';6.850000;1.960456e+02
'unknown';6.860000;1.955967e+02
'unknown';6.870000;1.953423e+02
'unknown';6.880000;1.952919e+02
'unknown';6.890000;1.953032e+02
'unknown';6.900000;1.953026e+02
'unknown';6.910000;1.954180e+02
'unknown';6.920000;1.958854e+02
'unknown';6.930000;1.966276e+02
'unknown';6.940000;1.973211e+02
'unknown';6.950000;1.976315e+02
'unknown';6.960000;1.976903e+02
'unknown';6.970000;1.976827e+02
'unknown';6.980000;1.976956e+02
'unknown';6.990000;1.975816e+02
'unknown';7.000000;1.975291e+02
'unknown';7.010000;0
'unknown';7.020000;0
'unknown';7.030000;0
'unknown';7.040000;0
'unknown';7.050000;0
'unknown';7.060000;0
'unknown';7.070000;0
'unknown';7.080000;1.958418e+02
'unknown';7.090000;1.965482e+02
'unknown';7.100000;1.977011e+02
'unknown';7.110000;1.978028e+02
'unknown';7.120000;1.976869e+02
'unknown';7.130000;1.976506e+02
'unknown';7.140000;1.976733e+02
'unknown';7.150000;1.976925e+02
'unknown';7.160000;1.976947e+02
'unknown';7.170000;1.976993e+02
'unknown';7.180000;1.977145e+02
'unknown';7.190000;1.977142e+02
'unknown';7.200000;1.977073e+02
'unknown';7.210000;1.977074e+02
'unknown';7.220000;1.977084e+02
'unknown';7.230000;1.976897e+02
'unknown';7.240000;1.976687e+02
'unknown';7.250000;1.976398e+02
'unknown';7.260000;1.976236e+02
'unknown';7.270000;1.976064e+02
'unknown';7.280000;1.976010e+02
'unknown';7.290000;1.976292e+02
'unknown';7.300000;1.976411e+02
'unknown';7.310000;1.976356e+02
'unknown';7.320000;1.976230e+02
'unknown';7.330000;1.976247e+02
'unknown';7.340000;1.976351e+02
'unknown';7.350000;1.976401e+02
'unknown';7.360000;1.976440e+02
'unknown';7.370000;1.976472e+02
'unknown';7.380000;1.976460e+02
'unknown';7.390000;1.976430e+02
'unknown';7.400000;1.976322e+02
'unknown';7.410000;1.976311e+02
'unknown';7.420000;1.976272e+02
'unknown';7.430000;1.975660e+02
'unknown';7.440000;1.974750e+02
'unknown';7.450000;1.974438e+02
'unknown';7.460000;1.974078e+02
'unknown';7.470000;1.974543e+02
'unknown';7.480000;1.974937e+02
'unknown';7.490000;1.976111e+02
'unknown';7.500000;1.976804e+02
'unknown';7.510000;1.976780e+02
'unknown';7.520000;1.974456e+02
'unknown';7.530000;1.969739e+02
'unknown';7.540000;1.965406e+02
'unknown';7.550000;1.962639e+02
'unknown';7.560000;1.961955e+02
'unknown';7.570000;1.961128e+02
'unknown';7.580000;1.961743e+02
'unknown';7.590000;1.962880e+02
'unknown';7.600000;1.962908e+02
'unknown';7.610000;1.960387e+02
'unknown';7.620000;1.957529e+02
'unknown';7.630000;1.957906e+02
'unknown';7.640000;1.961874e+02
'unknown';7.650000;1.966817e+02
'unknown';7.660000;1.969075e+02
'unknown';7.670000;1.967184e+02
'unknown';7.680000;1.962501e+02
'unknown';7.690000;1.959609e+02
'unknown';7.700000;1.960415e+02
'unknown';7.710000;1.960718e+02
'unknown';7.720000;1.958922e+02
'unknown';7.730000;1.955706e+02
'unknown';7.740000;1.954814e+02
'unknown';7.750000;1.954744e+02
'unknown';7.760000;1.954719e+02
'unknown';7.770000;1.956573e+02
'unknown';7.780000;1.962282e+02
'unknown';7.790000;1.968065e+02
'unknown';7.800000;1.973649e+02
'unknown';7.810000;1.975381e+02
'unknown';7.820000;1.976420e+02
'unknown';7.830000;1.976284e+02
'unknown';7.840000;1.975879e+02
'unknown';7.850000;1.976225e+02
'unknown';7.860000;0
'unknown';7.870000;0
'unknown';7.880000;0
'unknown';7.890000;0
'unknown';7.900000;0
'unknown';7.910000;0
'unknown';7.920000;0
'unknown';7.930000;0
'unknown';7.940000;0
'unknown';7.950000;0
'unknown';7.960000;0
'unknown';7.970000;0
'unknown';7.980000;0
'unknown';7.990000;0
'unknown';8.000000;0
'unknown';8.010000;0
'unknown';8.020000;0
'unknown';8.030000;0
'unknown';8.040000;0
'unknown';8.050000;0
'unknown';8.060000;0
'unknown';8.070000;0
'unknown';8.080000;0
'unknown';8.090000;0
'unknown';8.100000;0
'unknown';8.110000;0
'unknown';8.120000;0
'unknown';8.130000;0
'unknown';8.140000;0
'unknown';8.150000;0
'unknown';8.160000;0
'unknown';8.170000;0
'unknown';8.180000;0
'unknown';8.190000;0
'unknown';8.200000;0
'unknown';8.210000;2.961159e+02
'unknown';8.220000;2.961839e+02
'unknown';8.230000;2.959279e+02
'unknown';8.240000;2.952142e+02
'unknown';8.250000;2.944802e+02
'unknown';8.260000;2.941532e+02
'unknown';8.270000;2.941291e+02
'unknown';8.280000;2.942608e+02
'unknown';8.290000;2.944008e+02
'unknown';8.300000;2.944079e+02
'unknown';8.310000;2.942773e+02
'unknown';8.320000;2.941398e+02
'unknown';8.330000;2.941195e+02
'unknown';8.340000;2.941111e+02
'unknown';8.350000;2.940964e+02
'unknown';8.360000;2.940865e+02
'unknown';8.370000;2.940956e+02
'unknown';8.380000;2.941646e+02
'unknown';8.390000;2.943255e+02
'unknown';8.400000;2.945402e+02
'unknown';8.410000;2.948297e+02
'unknown';8.420000;2.949340e+02
'unknown';8.430000;2.948107e+02
'unknown';8.440000;2.944991e+02
'unknown';8.450000;2.944069e+02
'unknown';8.460000;2.947665e+02
'unknown';8.470000;2.950047e+02
'unknown';8.480000;2.948921e+02
'unknown';8.490000;2.944812e+02
'unknown';8.500000;2.942663e+02
'unknown';8.510000;2.942809e+02
'unknown';8.520000;2.943388e+02
'unknown';8.530000;2.944001e+02
'unknown';8.540000;2.944989e+02
'unknown';8.550000;2.946502e+02
'unknown';8.560000;2.946862e+02
'unknown';8.570000;2.945775e+02
'unknown';8.580000;2.943727e+02
'unknown';8.590000;2.942890e+02
'unknown';8.600000;2.945529e+02
'unknown';8.610000;2.951966e+02
'unknown';8.620000;2.958961e+02
'unknown';8.630000;2.962310e+02
'unknown';8.640000;2.957958e+02
'unknown';8.650000;2.950019e+02
'unknown';8.660000;2.942905e+02
'unknown';8.670000;2.939869e+02
'unknown';8.680000;2.939554e+02
'unknown';8.690000;2.940003e+02
'unknown';8.700000;2.941394e+02
'unknown';8.710000;2.942076e+02
'unknown';8.720000;2.942491e+02
'unknown';8.730000;2.944840e+02
'unknown';8.740000;2.947345e+02
'unknown';8.750000;2.947708e+02
'unknown';8.760000;2.947473e+02
'unknown';8.770000;2.947421e+02
'unknown';8.780000;2.946400e+02
'unknown';8.790000;2.942417e+02
'unknown';8.800000;2.938957e+02
'unknown';8.810000;2.938562e+02
'unknown';8.820000;2.938955e+02
'unknown';8.830000;2.939523e+02
'unknown';8.840000;2.940514e+02
'unknown';8.850000;2.942621e+02
'unknown';8.860000;2.944187e+02
'unknown';8.870000;2.944387e+02
'unknown';8.880000;2.944102e+02
'unknown';8.890000;2.944117e+02
'unknown';8.900000;2.942504e+02
'unknown';8.910000;2.942315e+02
'unknown';8.920000;2.943819e+02
'unknown';8.930000;2.947220e+02
'unknown';8.940000;2.948593e+02
'unknown';8.950000;2.947306e+02
'unknown';8.960000;2.946103e+02
'unknown';8.970000;2.945422e+02
'unknown';8.980000;2.944133e+02
'unknown';8.990000;2.944751e+02
'unknown';9.000000;2.946603e+02
'unknown';9.010000;2.949418e+02
'unknown';9.020000;2.946895e+02
'unknown';9.030000;2.941122e+02
'unknown';9.040000;2.936562e+02
'unknown';9.050000;2.938754e+02
'unknown';9.060000;2.943213e+02
'unknown';9.070000;2.947269e+02
'unknown';9.080000;2.947666e+02
'unknown';9.090000;2.948957e+02
'unknown';9.100000;2.949961e+02
'unknown';9.110000;2.949257e+02
'unknown';9.120000;2.946833e+02
'unknown';9.130000;2.945181e+02
'unknown';9.140000;2.936609e+02
'unknown';9.150000;2.932592e+02
'unknown';9.160000;0
'unknown';9.170000;0
'unknown';9.180000;0
'unknown';9.190000;0
'unknown';9.200000;0
'unknown';9.210000;0
'unknown';9.220000;0
'unknown';9.230000;0
'unknown';9.240000;0
'unknown';9.250000;0
'unknown';9.260000;0
'unknown';9.270000;0
'unknown';9.280000;0
'unknown';9.290000;0
'unknown';9.300000;0
'unknown';9.310000;0
'unknown';9.320000;0
'unknown';9.330000;0
'unknown';9.340000;0
'unknown';9.350000;0
'unknown';9.360000;0
'unknown';9.370000;0
'unknown';9.380000;0
'unknown';9.390000;0
'unknown';9.400000;0
'unknown';9.410000;0
'unknown';9.420000;0
'unknown';9.430000;0
'unknown';9.440000;0
'unknown';9.450000;0
'unknown';9.460000;0
'unknown';9.470000;0
'unknown';9.480000;0
'unknown';9.490000;0
'unknown';9.500000;0
'unknown';9.510000;0
'unknown';9.520000;0
'unknown';9.530000;0
'unknown';9.540000;0
'unknown';9.550000;0
'unknown';9.560000;0
'unknown';9.570000;0
'unknown';9.580000;1.653808e+02
'unknown';9.590000;1.653591e+02
'unknown';9.600000;1.653526e+02
'unknown';9.610000;1.651835e+02
'unknown';9.620000;1.651269e+02
'unknown';9.630000;1.651428e+02
'unknown';9.640000;1.651691e+02
'unknown';9.650000;1.652280e+02
'unknown';9.660000;1.651726e+02
'unknown';9.670000;1.649982e+02
'unknown';9.680000;1.648798e+02
'unknown';9.690000;1.649382e+02
'unknown';9.700000;1.650998e+02
'unknown';9.710000;1.651727e+02
'unknown';9.720000;1.651847e+02
'unknown';9.730000;1.651855e+02
'unknown';9.740000;1.651740e+02
'unknown';9.750000;1.651595e+02
'unknown';9.760000;1.651541e+02
'unknown';9.770000;1.651539e+02
'unknown';9.780000;1.651601e+02
'unknown';9.790000;1.651667e+02
'unknown';9.800000;1.651754e+02
'unknown';9.810000;1.651837e+02
'unknown';9.820000;1.651859e+02
'unknown';9.830000;1.651890e+02
'unknown';9.840000;1.651858e+02
'unknown';9.850000;1.651926e+02
'unknown';9.860000;1.652094e+02
'unknown';9.870000;1.652327e+02
'unknown';9.880000;1.652591e+02
'unknown';9.890000;1.652732e+02
'unknown';9.900000;1.652718e+02
'unknown';9.910000;1.652467e+02
'unknown';9.920000;1.652194e+02
'unknown';9.930000;1.652054e+02
'unknown';9.940000;1.652206e+02
'unknown';9.950000;1.652455e+02
'unknown';9.960000;1.652739e+02
'unknown';9.970000;1.652923e+02
'unknown';9.980000;1.653046e+02
'unknown';9.990000;1.653167e+02
'unknown';10.000000;1.653181e+02
'unknown';10.010000;1.653209e+02
'unknown';10.020000;1.653259e+02
'unknown';10.030000;1.653280e+02
'unknown';10.040000;1.653195e+02
'unknown';10.050000;1.652944e+02
'unknown';10.060000;1.652834e+02
'unknown';10.070000;1.652984e+02
'unknown';10.080000;1.653557e+02
'unknown';10.090000;1.655332e+02
'unknown';10.100000;1.657302e+02
'unknown';10.110000;1.656297e+02
'unknown';10.120000;1.653476e+02
'unknown';10.130000;1.652500e+02
'unknown';10.140000;1.654845e+02
'unknown';10.150000;1.655479e+02
'unknown';10.160000;1.654708e+02
'unknown';10.170000;1.654502e+02
'unknown';10.180000;1.654075e+02
'unknown';10.190000;1.651234e+02
'unknown';10.200000;1.647697e+02
'unknown';10.210000;1.648271e+02
'unknown';10.220000;1.651395e+02
'unknown';10.230000;1.653032e+02
'unknown';10.240000;1.652734e+02
'unknown';10.250000;1.651104e+02
'unknown';10.260000;1.653582e+02
'unknown';10.270000;1.654792e+02
'unknown';10.280000;0
'unknown';10.290000;0
'unknown';10.300000;0
'unknown';10.310000;0
'unknown';10.320000;0
'unknown';10.330000;0
'unknown';10.340000;0
'unknown';10.350000;0
'unknown';10.360000;0
'unknown';10.370000;0
'unknown';10.380000;0
'unknown';10.390000;0
'unknown';10.400000;0
'unknown';10.410000;0
'unknown';10.420000;0
'unknown';10.430000;0
'unknown';10.440000;0
'unknown';10.450000;0
'unknown';10.460000;0
'unknown';10.470000;0
'unknown';10.480000;0
'unknown';10.490000;0
'unknown';10.500000;0
'unknown';10.510000;0
'unknown';10.520000;0
'unknown';10.530000;0
'unknown';10.540000;0
'unknown';10.550000;0
'unknown';10.560000;0
'unknown';10.570000;0
'unknown';10.580000;0
'unknown';10.590000;0
'unknown';10.600000;1.679589e+02
'unknown';10.610000;1.690993e+02
'unknown';10.620000;1.709205e+02
'unknown';10.630000;1.733692e+02
'unknown';10.640000;1.744181e+02
'unknown';10.650000;1.745608e+02
'unknown';10.660000;1.747370e+02
'unknown';10.670000;1.748816e+02
'unknown';10.680000;1.758549e+02
'unknown';10.690000;1.801141e+02
'unknown';10.700000;1.868448e+02
'unknown';10.710000;1.930070e+02
'unknown';10.720000;1.957288e+02
'unknown';10.730000;1.960289e+02
'unknown';10.740000;1.961309e+02
'unknown';10.750000;1.963288e+02
'unknown';10.760000;1.963903e+02
'unknown';10.770000;1.962760e+02
'unknown';10.780000;1.967931e+02
'unknown';10.790000;2.014946e+02
'unknown';10.800000;2.093465e+02
'unknown';10.810000;2.167242e+02
'unknown';10.820000;2.199805e+02
'unknown';10.830000;2.201172e+02
'unknown';10.840000;2.199902e+02
'unknown';10.850000;2.200736e+02
'unknown';10.860000;2.203060e+02
'unknown';10.870000;2.204919e+02
'unknown';10.880000;2.205005e+02
'unknown';10.890000;2.203775e+02
'unknown';10.900000;2.203183e+02
'unknown';10.910000;2.203336e+02
'unknown';10.920000;2.203512e+02
'unknown';10.930000;2.203025e+02
'unknown';10.940000;2.201785e+02
'unknown';10.950000;2.200818e+02
'unknown';10.960000;2.201159e+02
'unknown';10.970000;2.202181e+02
'unknown';10.980000;2.202822e+02
'unknown';10.990000;2.203044e+02
'unknown';11.000000;2.202600e+02
'unknown';11.010000;2.202783e+02
'unknown';11.020000;2.202878e+02
'unknown';11.030000;2.202559e+02
'unknown';11.040000;2.202017e+02
'unknown';11.050000;2.201656e+02
'unknown';11.060000;2.202186e+02
'unknown';11.070000;2.203010e+02
'unknown';11.080000;2.203130e+02
'unknown';11.090000;2.202819e+02
'unknown';11.100000;2.202048e+02
'unknown';11.110000;2.202203e+02
'unknown';11.120000;2.202968e+02
'unknown';11.130000;2.203384e+02
'unknown';11.140000;2.203281e+02
'unknown';11.150000;2.202565e+02
'unknown';11.160000;2.202653e+02
'unknown';11.170000;2.203408e+02
'unknown';11.180000;2.203646e+02
'unknown';11.190000;2.201878e+02
'unknown';11.200000;2.199348e+02
'unknown';11.210000;2.198659e+02
'unknown';11.220000;2.200259e+02
'unknown';11.230000;2.202605e+02
'unknown';11.240000;2.203234e+02
'unknown';11.250000;2.201792e+02
'unknown';11.260000;2.199319e+02
'unknown';11.270000;2.197616e+02
'unknown';11.280000;0
'unknown';11.290000;0
'unknown';11.300000;0
'unknown';11.310000;0
'unknown';11.320000;0
'unknown';11.330000;0
'unknown';11.340000;0
'unknown';11.350000;0
'unknown';11.360000;0
'unknown';11.370000;0
'unknown';11.380000;0
'unknown';11.390000;0
'unknown';11.400000;0
'unknown';11.410000;0
'unknown';11.420000;0
'unknown';11.430000;0
'unknown';11.440000;0
'unknown';11.450000;0
'unknown';11.460000;0
'unknown';11.470000;0
'unknown';11.480000;0
'unknown';11.490000;0
'unknown';11.500000;0
'unknown';11.510000;0
'unknown';11.520000;0
'unknown';11.530000;0
'unknown';11.540000;0
'unknown';11.550000;0
'unknown';11.560000;0
'unknown';11.570000;0
'unknown';11.580000;0
'unknown';11.590000;0
'unknown';11.600000;0
'unknown';11.610000;0
'unknown';11.620000;2.202464e+02
'unknown';11.630000;2.201539e+02
'unknown';11.640000;2.199840e+02
'unknown';11.650000;2.200725e+02
'unknown';11.660000;2.202216e+02
'unknown';11.670000;2.202640e+02
'unknown';11.680000;2.199763e+02
'unknown';11.690000;2.197253e+02
'unknown';11.700000;2.197349e+02
'unknown';11.710000;2.199086e+02
'unknown';11.720000;2.200283e+02
'unknown';11.730000;2.200236e+02
'unknown';11.740000;2.199348e+02
'unknown';11.750000;2.199707e+02
'unknown';11.760000;2.202030e+02
'unknown';11.770000;2.204153e+02
'unknown';11.780000;2.204089e+02
'unknown';11.790000;2.201452e+02
'unknown';11.800000;2.199519e+02
'unknown';11.810000;2.201141e+02
'unknown';11.820000;2.203085e+02
'unknown';11.830000;2.203964e+02
'unknown';11.840000;2.202850e+02
'unknown';11.850000;2.202028e+02
'unknown';11.860000;2.201371e+02
'unknown';11.870000;2.200393e+02
'unknown';11.880000;2.200711e+02
'unknown';11.890000;2.200890e+02
'unknown';11.900000;2.193694e+02
'unknown';11.910000;2.136936e+02
'unknown';11.920000;2.059961e+02
'unknown';11.930000;1.988599e+02
'unknown';11.940000;1.965925e+02
'unknown';11.950000;1.965009e+02
'unknown';11.960000;1.965484e+02
'unknown';11.970000;1.965167e+02
'unknown';11.980000;1.963373e+02
'unknown';11.990000;1.962910e+02
'unknown';12.000000;1.962645e+02
'unknown';12.010000;1.961771e+02
'unknown';12.020000;1.960078e+02
'unknown';12.030000;1.962269e+02
'unknown';12.040000;1.963850e+02
'unknown';12.050000;1.965601e+02
'unknown';12.060000;1.966387e+02
'unknown';12.070000;1.970491e+02
'unknown';12.080000;1.974870e+02
'unknown';12.090000;1.976913e+02
'unknown';12.100000;1.977124e+02
'unknown';12.110000;1.977078e+02
'unknown';12.120000;1.977249e+02
'unknown';12.130000;1.977285e+02
'unknown';12.140000;1.977245e+02
'unknown';12.150000;1.977173e+02
'unknown';12.160000;1.977018e+02
'unknown';12.170000;1.977064e+02
'unknown';12.180000;1.977201e+02
'unknown';12.190000;1.977027e+02
'unknown';12.200000;1.976370e+02
'unknown';12.210000;1.975227e+02
'unknown';12.220000;1.975723e+02
'unknown';12.230000;1.975158e+02
'unknown';12.240000;1.972171e+02
'unknown';12.250000;1.967085e+02
'unknown';12.260000;1.962747e+02
'unknown';12.270000;1.961179e+02
'unknown';12.280000;1.960642e+02
'unknown';12.290000;1.961171e+02
'unknown';12.300000;1.961652e+02
'unknown';12.310000;1.963839e+02
'unknown';12.320000;1.964979e+02
'unknown';12.330000;1.963086e+02
'unknown';12.340000;1.958813e+02
'unknown';12.350000;1.956671e+02
'unknown';12.360000;1.958624e+02
'unknown';12.370000;1.962133e+02
'unknown';12.380000;1.963254e+02
'unknown';12.390000;1.962726e+02
'unknown';12.400000;1.962020e+02
'unknown';12.410000;1.962095e+02
'unknown';12.420000;1.961131e+02
'unknown';12.430000;1.958915e+02
'unknown';12.440000;1.956702e+02
'unknown';12.450000;1.959155e+02
'unknown';12.460000;1.964745e+02
'unknown';12.470000;1.969170e+02
'unknown';12.480000;1.971331e+02
'unknown';12.490000;0
'unknown';12.500000;0
'unknown';12.510000;0
'unknown';12.520000;0
'unknown';12.530000;0
'unknown';12.540000;0
'unknown';12.550000;0
'unknown';12.560000;0
'unknown';12.570000;0
'unknown';12.580000;0
'unknown';12.590000;0
'unknown';12.600000;0
'unknown';12.610000;0
'unknown';12.620000;0
'unknown';12.630000;0
'unknown';12.640000;0
'unknown';12.650000;0
'unknown';12.660000;0
'unknown';12.670000;0
'unknown';12.680000;0
'unknown';12.690000;0
'unknown';12.700000;0
'unknown';12.710000;0
'unknown';12.720000;0
'unknown';12.730000;0
'unknown';12.740000;1.971841e+02
'unknown';12.750000;1.970201e+02
'unknown';12.760000;1.965438e+02
'unknown';12.770000;1.958566e+02
'unknown';12.780000;1.954879e+02
'unknown';12.790000;1.956750e+02
'unknown';12.800000;1.959810e+02
'unknown';12.810000;1.962142e+02
'unknown';12.820000;1.962638e+02
'unknown';12.830000;1.960896e+02
'unknown';12.840000;1.952425e+02
'unknown';12.850000;1.900510e+02
'unknown';12.860000;1.834753e+02
'unknown';12.870000;1.772440e+02
'unknown';12.880000;1.753557e+02
'unknown';12.890000;1.750776e+02
'unknown';12.900000;1.751574e+02
'unknown';12.910000;1.751713e+02
'unknown';12.920000;1.751351e+02
'unknown';12.930000;1.749694e+02
'unknown';12.940000;1.749133e+02
'unknown';12.950000;1.748809e+02
'unknown';12.960000;1.746174e+02
'unknown';12.970000;1.727006e+02
'unknown';12.980000;1.696548e+02
'unknown';12.990000;1.667411e+02
'unknown';13.000000;1.654085e+02
'unknown';13.010000;1.651586e+02
'unknown';13.020000;1.650787e+02
'unknown';13.030000;1.650137e+02
'unknown';13.040000;1.649679e+02
'unknown';13.050000;1.649461e+02
'unknown';13.060000;1.649474e+02
'unknown';13.070000;1.650020e+02
'unknown';13.080000;1.650723e+02
'unknown';13.090000;1.651281e+02
'unknown';13.100000;1.651392e+02
'unknown';13.110000;1.651141e+02
'unknown';13.120000;1.650887e+02
'unknown';13.130000;1.650666e+02
'unknown';13.140000;1.650509e+02
'unknown';13.150000;1.650520e+02
'unknown';13.160000;1.650563e+02
'unknown';13.170000;1.650695e+02
'unknown';13.180000;1.650807e+02
'unknown';13.190000;1.650913e+02
'unknown';13.200000;1.651065e+02
'unknown';13.210000;1.651134e+02
'unknown';13.220000;1.651246e+02
'unknown';13.230000;1.651261e+02
'unknown';13.240000;1.651342e+02
'unknown';13.250000;1.651407e+02
'unknown';13.260000;1.651420e+02
'unknown';13.270000;1.651419e+02
'unknown';13.280000;1.651477e+02
'unknown';13.290000;1.651593e+02
'unknown';13.300000;1.651733e+02
'unknown';13.310000;1.651687e+02
'unknown';13.320000;1.651514e+02
'unknown';13.330000;1.651421e+02
'unknown';13.340000;1.651462e+02
'unknown';13.350000;1.651666e+02
'unknown';13.360000;1.651822e+02
'unknown';13.370000;1.651907e+02
'unknown';13.380000;1.651929e+02
'unknown';13.390000;1.651917e+02
'unknown';13.400000;1.651991e+02
'unknown';13.410000;1.652012e+02
'unknown';13.420000;1.652051e+02
'unknown';13.430000;1.652023e+02
'unknown';13.440000;1.652076e+02
'unknown';13.450000;1.652182e+02
'unknown';13.460000;1.652362e+02
'unknown';13.470000;1.652408e+02
'unknown';13.480000;1.652289e+02
'unknown';13.490000;1.652027e+02
'unknown';13.500000;1.651772e+02
'unknown';13.510000;1.651590e+02
'unknown';13.520000;1.651546e+02
'unknown';13.530000;1.651597e+02
'unknown';13.540000;1.651646e+02
'unknown';13.550000;1.651582e+02
'unknown';13.560000;1.651420e+02
'unknown';13.570000;1.651308e+02
'unknown';13.580000;1.651191e+02
'unknown';13.590000;1.651178e+02
'unknown';13.600000;1.651183e+02
'unknown';13.610000;1.651153e+02
'unknown';13.620000;1.651196e+02
'unknown';13.630000;1.651134e+02
'unknown';13.640000;1.651071e+02
'unknown';13.650000;1.651003e+02
'unknown';13.660000;1.651004e+02
'unknown';13.670000;1.651304e+02
'unknown';13.680000;1.652513e+02
'unknown';13.690000;1.655206e+02
'unknown';13.700000;1.656645e+02
'unknown';13.710000;1.654839e+02
'unknown';13.720000;1.650621e+02
'unknown';13.730000;1.647436e+02
'unknown';13.740000;1.648214e+02
'unknown';13.750000;1.650263e+02
'unknown';13.760000;1.652165e+02
'unknown';13.770000;1.653097e+02
'unknown';13.780000;1.653107e+02
'unknown';13.790000;1.651057e+02
'unknown';13.800000;1.649198e+02
'unknown';13.810000;1.650463e+02
'unknown';13.820000;1.653335e+02
'unknown';13.830000;1.654638e+02
'unknown';13.840000;1.653275e+02
'unknown';13.850000;1.652217e+02
'unknown';13.860000;1.650402e+02
'unknown';13.870000;1.647703e+02
'unknown';13.880000;1.645206e+02
'unknown';13.890000;1.644431e+02
'unknown';13.900000;1.646277e+02
'unknown';13.910000;1.648992e+02
'unknown';13.920000;1.651348e+02
'unknown';13.930000;1.652065e+02
'unknown';13.940000;1.654776e+02
'unknown';13.950000;1.670773e+02
'unknown';13.960000;1.697375e+02
'unknown';13.970000;1.715908e+02
'unknown';13.980000;0
'unknown';13.990000;0
'unknown';14.000000;0
'unknown';14.010000;0
'unknown';14.020000;0
'unknown';14.030000;0
'unknown';14.040000;0
'unknown';14.050000;0
'unknown';14.060000;0
'unknown';14.070000;0
'unknown';14.080000;0
'unknown';14.090000;0
'unknown';14.100000;0
'unknown';14.110000;0
'unknown';14.120000;0
'unknown';14.130000;0
'unknown';14.140000;0
'unknown';14.150000;0
'unknown';14.160000;0
'unknown';14.170000;0
'unknown';14.180000;0
'unknown';14.190000;0
'unknown';14.200000;0
'unknown';14.210000;0
'unknown';14.220000;0
'unknown';14.230000;0
'unknown';14.240000;0
'unknown';14.250000;0
'unknown';14.260000;0
'unknown';14.270000;0
'unknown';14.280000;0
'unknown';14.290000;0
'unknown';14.300000;0
'unknown';14.310000;0
'unknown';14.320000;0
'unknown';14.330000;0
'unknown';14.340000;0
'unknown';14.350000;0
'unknown';14.360000;0
'unknown';14.370000;0
'unknown';14.380000;0
'unknown';14.390000;0
'unknown';14.400000;0
'unknown';14.410000;0
'unknown';14.420000;0
'unknown';14.430000;2.959077e+02
'unknown';14.440000;2.959083e+02
'unknown';14.450000;2.958549e+02
'unknown';14.460000;2.954726e+02
'unknown';14.470000;2.951313e+02
'unknown';14.480000;2.949062e+02
'unknown';14.490000;2.947301e+02
'unknown';14.500000;2.950625e+02
'unknown';14.510000;2.956577e+02
'unknown';14.520000;2.960924e+02
'unknown';14.530000;2.958969e+02
'unknown';14.540000;2.954881e+02
'unknown';14.550000;2.952217e+02
'unknown';14.560000;2.949652e+02
'unknown';14.570000;2.946562e+02
'unknown';14.580000;2.943621e+02
'unknown';14.590000;2.942828e+02
'unknown';14.600000;2.942843e+02
'unknown';14.610000;2.942858e+02
'unknown';14.620000;2.943093e+02
'unknown';14.630000;2.944417e+02
'unknown';14.640000;2.945712e+02
'unknown';14.650000;2.945747e+02
'unknown';14.660000;2.944492e+02
'unknown';14.670000;2.943479e+02
'unknown';14.680000;2.943448e+02
'unknown';14.690000;2.943703e+02
'unknown';14.700000;2.943830e+02
'unknown';14.710000;2.944110e+02
'unknown';14.720000;2.944026e+02
'unknown';14.730000;2.944304e+02
'unknown';14.740000;2.945280e+02
'unknown';14.750000;2.946588e+02
'unknown';14.760000;2.948590e+02
'unknown';14.770000;2.950145e+02
'unknown';14.780000;2.949390e+02
'unknown';14.790000;2.946247e+02
'unknown';14.800000;2.942557e+02
'unknown';14.810000;2.941033e+02
'unknown';14.820000;2.940735e+02
'unknown';14.830000;2.940648e+02
'unknown';14.840000;2.940585e+02
'unknown';14.850000;2.940374e+02
'unknown';14.860000;2.940786e+02
'unknown';14.870000;2.942054e+02
'unknown';14.880000;2.942444e+02
'unknown';14.890000;2.942610e+02
'unknown';14.900000;2.944691e+02
'unknown';14.910000;2.947511e+02
'unknown';14.920000;2.947148e+02
'unknown';14.930000;2.943108e+02
'unknown';14.940000;2.937401e+02
'unknown';14.950000;2.933768e+02
'unknown';14.960000;2.933176e+02
'unknown';14.970000;2.935811e+02
'unknown';14.980000;2.939989e+02
'unknown';14.990000;2.943260e+02
'unknown';15.000000;2.945757e+02
'unknown';15.010000;2.945933e+02
'unknown';15.020000;2.945362e+02
'unknown';15.030000;2.946417e+02
'unknown';15.040000;2.949380e+02
'unknown';15.050000;2.948684e+02
'unknown';15.060000;2.945871e+02
'unknown';15.070000;2.962238e+02
'unknown';15.080000;2.999148e+02
'unknown';15.090000;3.006711e+02
'unknown';15.100000;2.996066e+02
'unknown';15.110000;2.967400e+02
'unknown';15.120000;0
'unknown';15.130000;0
'unknown';15.140000;0
'unknown';15.150000;0
'unknown';15.160000;0
'unknown';15.170000;0
'unknown';15.180000;0
'unknown';15.190000;0
'unknown';15.200000;0
'unknown';15.210000;0
'unknown';15.220000;0
'unknown';15.230000;0
'unknown';15.240000;0
'unknown';15.250000;0
'unknown';15.260000;0
'unknown';15.270000;0
'unknown';15.280000;0
'unknown';15.290000;0
'unknown';15.300000;0
'unknown';15.310000;0
'unknown';15.320000;0
'unknown';15.330000;0
'unknown';15.340000;0
'unknown';15.350000;0
'unknown';15.360000;0
'unknown';15.370000;0
'unknown';15.380000;0
'unknown';15.390000;0
'unknown';15.400000;0
'unknown';15.410000;0
'unknown';15.420000;0
'unknown';15.430000;0
'unknown';15.440000;0
'unknown';15.450000;0
'unknown';15.460000;0
'unknown';15.470000;0
'unknown';15.480000;0
'unknown';15.490000;0
'unknown';15.500000;0
'unknown';15.510000;0
'unknown';15.520000;0
'unknown';15.530000;0
'unknown';15.540000;0
'unknown';15.550000;0
'unknown';15.560000;0
'unknown';15.570000;0
'unknown';15.580000;0
'unknown';15.590000;0
'unknown';15.600000;0
'unknown';15.610000;0
'unknown';15.620000;0
'unknown';15.630000;0
'unknown';15.640000;0
'unknown';15.650000;0
'unknown';15.660000;0
'unknown';15.670000;0
'unknown';15.680000;0
'unknown';15.690000;0
'unknown';15.700000;0
'unknown';15.710000;0
'unknown';15.720000;0
'unknown';15.730000;0
'unknown';15.740000;0
